{
  "comparison_date": "2026-02-09T14:21:35.484963",
  "models_compared": [
    "Linear Regression",
    "Ridge Regression",
    "Lasso Regression",
    "Decision Tree",
    "Random Forest",
    "Gradient Boosting",
    "XGBoost",
    "LightGBM"
  ],
  "validation_results": {
    "Linear Regression": {
      "mse": 18.93717592352736,
      "rmse": 4.351686560809195,
      "mae": 3.3736814277402005,
      "r2": 0.9068158494998073
    },
    "Ridge Regression": {
      "mse": 18.937333047167918,
      "rmse": 4.351704613960823,
      "mae": 3.3737003441153917,
      "r2": 0.9068150763416011
    },
    "Lasso Regression": {
      "mse": 23.046634133593844,
      "rmse": 4.8006910058442465,
      "mae": 3.6973235405952924,
      "r2": 0.8865944408870621
    },
    "Decision Tree": {
      "mse": 6.757044516062611,
      "rmse": 2.5994315755685147,
      "mae": 1.981226210494654,
      "r2": 0.9667506149985643
    },
    "Random Forest": {
      "mse": 5.488163833025137,
      "rmse": 2.3426830415199444,
      "mae": 1.8286986922715176,
      "r2": 0.9729943954340647
    },
    "Gradient Boosting": {
      "mse": 4.876984421482167,
      "rmse": 2.208389553833781,
      "mae": 1.73570804887714,
      "r2": 0.9760018256072768
    },
    "XGBoost": {
      "mse": 4.829954416495541,
      "rmse": 2.1977157269527696,
      "mae": 1.7330713213207536,
      "r2": 0.9762332461253306
    },
    "LightGBM": {
      "mse": 4.930630708810851,
      "rmse": 2.2205023550563623,
      "mae": 1.7411313623635534,
      "r2": 0.9757378483525689
    }
  },
  "best_model": "XGBoost",
  "selection_criterion": "validation_rmse"
}