{
  "feature_names": [
    "skill_jaccard",
    "skill_coverage",
    "skill_precision",
    "skill_overlap_count",
    "job_skills_count",
    "cv_skills_count",
    "experience_gap",
    "experience_ratio",
    "experience_match",
    "job_experience_required",
    "cv_experience_years",
    "education_gap",
    "education_match",
    "job_education_level",
    "cv_education_level",
    "seniority_match_score"
  ],
  "n_samples": 42650,
  "n_features": 16,
  "scaler_params": {
    "mean": [
      0.12313094903305863,
      0.22695178077598255,
      0.2925218924238302,
      1.221219226260258,
      6.643610785463071,
      4.742438452520516,
      -3.8746307151230948,
      0.7229095349745994,
      0.23153575615474795,
      7.11957796014068,
      3.244947245017585,
      1.2322391559202814,
      0.8468464243845252,
      1.8792497069167644,
      3.111488862837046,
      0.3954030871434154
    ],
    "scale": [
      0.10397578055434492,
      0.227410766036442,
      0.25790008111985335,
      0.9763894611482504,
      3.69842932328002,
      2.5833431923110743,
      5.983789454455949,
      1.827260644417762,
      0.42181388049304047,
      3.6076321091558774,
      4.75740192362045,
      1.8236473968165605,
      0.36013547158211157,
      1.3986103972001713,
      1.1597071876181189,
      0.34023306211600984
    ]
  },
  "pca_analysis": {
    "n_components_95_variance": 10,
    "explained_variance_ratio": [
      0.27608567404179657,
      0.17053776249553884,
      0.1430950549707736,
      0.10152088785423341,
      0.07538040189310176,
      0.06008353654401964,
      0.04909722876247251,
      0.03453799133803322,
      0.02301383768202741,
      0.021405243473076888
    ]
  },
  "top_correlated_features": [
    "seniority_match_score",
    "experience_gap",
    "skill_coverage",
    "experience_match",
    "experience_ratio",
    "education_match",
    "skill_jaccard",
    "education_gap",
    "cv_experience_years",
    "skill_overlap_count"
  ],
  "correlations": {
    "skill_jaccard": 0.36993347101299634,
    "skill_coverage": 0.563406373831136,
    "skill_precision": 0.13270878941299596,
    "skill_overlap_count": 0.24561779117855426,
    "job_skills_count": -0.32814650993609823,
    "cv_skills_count": 0.2234224207320837,
    "experience_gap": 0.663675965777601,
    "experience_ratio": 0.5055886810116311,
    "experience_match": 0.516530113965248,
    "job_experience_required": -0.5761619972819825,
    "cv_experience_years": 0.28983075616133414,
    "education_gap": 0.36399397359899033,
    "education_match": 0.379364736679971,
    "job_education_level": -0.31270401103795,
    "cv_education_level": 0.2128258240304569,
    "seniority_match_score": 0.6870147625752119
  }
}